{
  "name": "angular-messages",
  "version": "1.3.6",
  "main": "./angular-messages.js",
  "ignore": [],
  "dependencies": {
    "angular": "1.3.6"
  },
  "homepage": "https://github.com/angular/bower-angular-messages",
  "_release": "1.3.6",
  "_resolution": {
    "type": "version",
    "tag": "v1.3.6",
    "commit": "a61e41f57f079fdc2f783ce8ed70e57efa3a4b43"
  },
  "_source": "git://github.com/angular/bower-angular-messages.git",
  "_target": "1.3.6",
  "_originalSource": "angular-messages",
  "_direct": true
}